Name,URL,Description,Ways to Get Involved,News Page,Email List,Volunteer,Donate
Western Rivers Conservancy,https://www.westernrivers.org/,"Western Rivers Conservancy buys land along the West’s finest rivers and streams to conserve habitat for fish and wildlife, protect key sources of cold water and provide public access for all to enjoy.","Corporate Partnership, Donate, Newsletter",https://www.cascadeforest.org/news/,https://signup.e2ma.net/signup/1917311/1913787/,,https://www.westernrivers.org/give
Columbia Land Trust,https://www.columbialandtrust.org/,"Conserve and care for the vital lands, waters, and wildlife of the Columbia River region through sound science and strong relationships.","Backyard Program, Corporate Partnership, Donate, Donate Land, Volunteer",https://www.columbialandtrust.org/news/,https://www.columbialandtrust.org/newsletter-signup/,https://www.columbialandtrust.org/news/events/,https://www.columbialandtrust.org/ways-to-give/
Cascade Forest Conservancy,https://www.cascadeforest.org/about/,"the cascade forest conservancy protects and sustains the forests, streams, wildlife, and communities in the heart of the cascades through conservation, education, and advocacy.","Corporate Partnership, Donate, Volunteer",https://www.columbialandtrust.org/news/,https://signup.e2ma.net/signup/1965935/1913787/,https://www.cascadeforest.org/volunteer/,https://www.cascadeforest.org/donate/
The Lower Columbia Estuary Partnership,https://www.estuarypartnership.org/,"The Lower Columbia Estuary Partnership is a non-profit, a National Estuary Program, and a collection of dedicated scientists, educators, and community members who are passionate about the Columbia River.
We focus on the lower 146 miles of the Columbia River, from Bonneville Dam to the Pacific Ocean, including the tidally influenced portions of tributaries in that area. The watershed includes 28 cities, nine counties, and 45 school districts within the states of Oregon and Washington.","Corporate Partnership, Donate, Volunteer",https://www.estuarypartnership.org/news,https://estuarypartnership.app.neoncrm.com/np/clients/estuarypartnership/subscribe.jsp?subscription=8,https://www.estuarypartnership.org/get-involved/volunteering,https://estuarypartnership.app.neoncrm.com/forms/donate
Columbia River Fish and Wildlife Conservation Office,https://www.fws.gov/office/columbia-river-fish-and-wildlife-conservation,"It is the mission of the Columbia River Fish and Wildlife Conservation Office (CRFWCO) to assist in determining the status of imperiled natural stocks, to evaluate management measures for recovery and assist in the recovery of these stocks, and to prevent future listings",Volunteer,,,https://www.fws.gov/office/columbia-river-fish-and-wildlife-conservation/get-involved,
Columbia Riverkeeper,https://www.columbiariverkeeper.org/,"It is the mission of the Columbia River Fish and Wildlife Conservation Office (CRFWCO) to assist in determining the status of imperiled natural stocks, to evaluate management measures for recovery and assist in the recovery of these stocks, and to prevent future listings","Attend Events, Donate, Sign Petitions, Volunteer",https://www.columbiariverkeeper.org/news/,,,
Conservation NW,https://conservationnw.org/,"We protect, connect and restore wildlands and wildlife from the Washington Coast to the British Columbia Rockies.","Corporate Partnership, Donate, Donate Land, Volunteer",https://conservationnw.org/news-updates/,https://conservationnw.org/take-action/email-signup/,https://conservationnw.org/take-action/volunteer/,
https://www.solveoregon.org/,https://www.solveoregon.org/,"SOLVE is an environmental nonprofit that began as a grassroots initiative and has grown into a nationally recognized model for volunteer-driven stewardship. Each year, SOLVE mobilizes thousands of volunteers across Oregon and Southwest Washington to clean and restore neighborhoods and natural areas, fostering a culture of environmental care and community pride.",Volunteer,https://www.solveoregon.org/news,,https://www.solveoregon.org/volunteer,
Trust for Public Land,https://www.tpl.org/,"We Believe Everyone Should Have Access to the Outdoors
We create parks and protect land for people, ensuring healthy, livable communities for generations to come.","Corporate Partnership, Donate, Donate Land",https://www.tpl.org/stories,https://www.tpl.org/email-signup,,https://www.tpl.org/support
Oregon Environmental Council,https://oeconline.org/,"Oregon Environmental Council champions equitable, innovative, and collaborative solutions to Oregon’s environmental challenges for today and future generations.","Donate, Volunteer",https://oeconline.org/our-impact/,https://oeconline.org/take-action/,,
Oregon Department of Fish and Wildlife,https://myodfw.com/articles/current-volunteer-opportunities,"Protecting and enhancing Oregon’s fish and wildlife, and the habitats they use, for the use and enjoyment of present and future generations is at the heart of what we do.",Volunteer,https://myodfw.com/news-releases,https://public.govdelivery.com/accounts/ORDFW/subscriber/new,https://myodfw.com/articles/current-volunteer-opportunities,
Washington Department of Fish and Wildlife,https://wdfw.wa.gov/,"The Washington Department of Fish and Wildlife is dedicated to preserving, protecting, and perpetuating the state’s fish, wildlife, and ecosystems while providing sustainable fish and wildlife recreational and commercial opportunities.","Backyard Program, Volunteer",,,https://wdfw.wa.gov/get-involved/volunteer,
The Sierra Club,https://www.sierraclub.org/,The Sierra Club is the most enduring and influential grassroots environmental organization in the United States. We amplify the power of our millions of members and supporters to defend everyone’s right to a healthy world.,"Attend Events, Donate, Sign Petitions, Volunteer",https://www.sierraclub.org/sierra-club-news,,https://www.sierraclub.org/volunteer,https://www.sierraclub.org/ways-to-give
Global Alliance for the Rights of Nature,https://www.garn.org/,"Our members are a diverse network of scientists, attorneys, economists, indigenous leaders, authors, spiritual leaders, business leaders, politicians, actors, homemakers, students, activists: people from all walks of life who are looking to transform our human relationship with our planet.","Donate, Newsletter, Sign Petitions",https://www.garn.org/news/,https://www.garn.org/get-involved/,https://www.garn.org/get-involved/,https://www.garn.org/donate/